date;value;country;indicator;frequency
2013-03-01;103834.055061458;GT;NGDP_NSA_XDC;Q
2013-06-01;102176.9625573;GT;NGDP_NSA_XDC;Q
2013-09-01;102216.771839609;GT;NGDP_NSA_XDC;Q
2013-12-01;108155.430841511;GT;NGDP_NSA_XDC;Q
2014-03-01;109524.797529512;GT;NGDP_NSA_XDC;Q
2014-06-01;109404.158487404;GT;NGDP_NSA_XDC;Q
2014-09-01;111334.023089328;GT;NGDP_NSA_XDC;Q
2014-12-01;117063.347113816;GT;NGDP_NSA_XDC;Q
2015-03-01;117899.59551089;GT;NGDP_NSA_XDC;Q
2015-06-01;116185.07477067;GT;NGDP_NSA_XDC;Q
2015-09-01;118716.006139427;GT;NGDP_NSA_XDC;Q
2015-12-01;123222.144880248;GT;NGDP_NSA_XDC;Q
2016-03-01;123842.214377696;GT;NGDP_NSA_XDC;Q
2016-06-01;122800.001130872;GT;NGDP_NSA_XDC;Q
2016-09-01;124517.109763697;GT;NGDP_NSA_XDC;Q
2016-12-01;130842.378975119;GT;NGDP_NSA_XDC;Q
2017-03-01;131681.418294403;GT;NGDP_NSA_XDC;Q
2017-06-01;127648.944636751;GT;NGDP_NSA_XDC;Q
2017-09-01;130292.218577818;GT;NGDP_NSA_XDC;Q
2017-12-01;136884.832765021;GT;NGDP_NSA_XDC;Q
2018-03-01;137005.912233133;GT;NGDP_NSA_XDC;Q
2018-06-01;134676.209767571;GT;NGDP_NSA_XDC;Q
2018-09-01;136447.904412157;GT;NGDP_NSA_XDC;Q
2018-12-01;143238.05572181;GT;NGDP_NSA_XDC;Q
2019-03-01;145002.153497597;GT;NGDP_NSA_XDC;Q
2019-06-01;145012.521816651;GT;NGDP_NSA_XDC;Q
2019-09-01;147694.913559506;GT;NGDP_NSA_XDC;Q
2019-12-01;156262.431003042;GT;NGDP_NSA_XDC;Q
2020-03-01;151660.372460833;GT;NGDP_NSA_XDC;Q
2020-06-01;136646.489046889;GT;NGDP_NSA_XDC;Q
2020-09-01;150074.246895175;GT;NGDP_NSA_XDC;Q
2020-12-01;161708.334910767;GT;NGDP_NSA_XDC;Q
2021-03-01;162333.32334649;GT;NGDP_NSA_XDC;Q
2021-06-01;161194.029329924;GT;NGDP_NSA_XDC;Q
2021-09-01;166216.799873842;GT;NGDP_NSA_XDC;Q
2021-12-01;175823.783659683;GT;NGDP_NSA_XDC;Q
2022-03-01;178475.85201607;GT;NGDP_NSA_XDC;Q
2022-06-01;178228.899137303;GT;NGDP_NSA_XDC;Q
2022-09-01;184387.921220941;GT;NGDP_NSA_XDC;Q
2022-12-01;195016.311690786;GT;NGDP_NSA_XDC;Q
2013-03-01;103959.636671678;GT;NGDP_R_NSA_XDC;Q
2013-06-01;103201.621047093;GT;NGDP_R_NSA_XDC;Q
2013-09-01;102372.007235555;GT;NGDP_R_NSA_XDC;Q
2013-12-01;106849.955345552;GT;NGDP_R_NSA_XDC;Q
2014-03-01;108290.269076536;GT;NGDP_R_NSA_XDC;Q
2014-06-01;107650.086761058;GT;NGDP_R_NSA_XDC;Q
2014-09-01;106782.486378909;GT;NGDP_R_NSA_XDC;Q
2014-12-01;112164.356148327;GT;NGDP_R_NSA_XDC;Q
2015-03-01;113346.834240278;GT;NGDP_R_NSA_XDC;Q
2015-06-01;111017.413718116;GT;NGDP_R_NSA_XDC;Q
2015-09-01;112034.602304964;GT;NGDP_R_NSA_XDC;Q
2015-12-01;116284.674672654;GT;NGDP_R_NSA_XDC;Q
2016-03-01;115246.858949017;GT;NGDP_R_NSA_XDC;Q
2016-06-01;115127.021714123;GT;NGDP_R_NSA_XDC;Q
2016-09-01;114353.320409013;GT;NGDP_R_NSA_XDC;Q
2016-12-01;120078.295589682;GT;NGDP_R_NSA_XDC;Q
2017-03-01;120680.734686279;GT;NGDP_R_NSA_XDC;Q
2017-06-01;117990.295593303;GT;NGDP_R_NSA_XDC;Q
2017-09-01;117906.057195278;GT;NGDP_R_NSA_XDC;Q
2017-12-01;122543.727250841;GT;NGDP_R_NSA_XDC;Q
2018-03-01;123908.608475146;GT;NGDP_R_NSA_XDC;Q
2018-06-01;123025.730862864;GT;NGDP_R_NSA_XDC;Q
2018-09-01;122032.625726319;GT;NGDP_R_NSA_XDC;Q
2018-12-01;126476.889600312;GT;NGDP_R_NSA_XDC;Q
2019-03-01;128550.666190874;GT;NGDP_R_NSA_XDC;Q
2019-06-01;127678.456177594;GT;NGDP_R_NSA_XDC;Q
2019-09-01;126967.556051469;GT;NGDP_R_NSA_XDC;Q
2019-12-01;132153.604607457;GT;NGDP_R_NSA_XDC;Q
2020-03-01;129527.367753295;GT;NGDP_R_NSA_XDC;Q
2020-06-01;116168.086860949;GT;NGDP_R_NSA_XDC;Q
2020-09-01;125203.480677207;GT;NGDP_R_NSA_XDC;Q
2020-12-01;135217.004108143;GT;NGDP_R_NSA_XDC;Q
2021-03-01;135325.381733152;GT;NGDP_R_NSA_XDC;Q
2021-06-01;134055.389745396;GT;NGDP_R_NSA_XDC;Q
2021-09-01;135444.91208165;GT;NGDP_R_NSA_XDC;Q
2021-12-01;141791.718364837;GT;NGDP_R_NSA_XDC;Q
2022-03-01;141773.859186164;GT;NGDP_R_NSA_XDC;Q
2022-06-01;140029.754688518;GT;NGDP_R_NSA_XDC;Q
2022-09-01;140565.262376112;GT;NGDP_R_NSA_XDC;Q
2022-12-01;146758.25307103;GT;NGDP_R_NSA_XDC;Q
2000-03-01;25973.8;HN;NGDP_SA_XDC;Q
2000-06-01;26635.0;HN;NGDP_SA_XDC;Q
2000-09-01;26804.1;HN;NGDP_SA_XDC;Q
2000-12-01;27241.2;HN;NGDP_SA_XDC;Q
2001-03-01;28397.2;HN;NGDP_SA_XDC;Q
2001-06-01;29395.7;HN;NGDP_SA_XDC;Q
2001-09-01;29722.2;HN;NGDP_SA_XDC;Q
2001-12-01;30900.7;HN;NGDP_SA_XDC;Q
2002-03-01;30547.5;HN;NGDP_SA_XDC;Q
2002-06-01;31938.5;HN;NGDP_SA_XDC;Q
2002-09-01;33298.8;HN;NGDP_SA_XDC;Q
2002-12-01;33381.8;HN;NGDP_SA_XDC;Q
2003-03-01;33830.1;HN;NGDP_SA_XDC;Q
2003-06-01;35093.2;HN;NGDP_SA_XDC;Q
2003-09-01;36194.4;HN;NGDP_SA_XDC;Q
2003-12-01;37700.2;HN;NGDP_SA_XDC;Q
2004-03-01;38167.2;HN;NGDP_SA_XDC;Q
2004-06-01;40168.4;HN;NGDP_SA_XDC;Q
2004-09-01;40915.6;HN;NGDP_SA_XDC;Q
2004-12-01;42256.3;HN;NGDP_SA_XDC;Q
2005-03-01;44641.4;HN;NGDP_SA_XDC;Q
2005-06-01;45115.5;HN;NGDP_SA_XDC;Q
2005-09-01;46196.4;HN;NGDP_SA_XDC;Q
2005-12-01;47794.1;HN;NGDP_SA_XDC;Q
2006-03-01;49330.7;HN;NGDP_SA_XDC;Q
2006-06-01;50840.4;HN;NGDP_SA_XDC;Q
2006-09-01;51342.5;HN;NGDP_SA_XDC;Q
2006-12-01;54774.4;HN;NGDP_SA_XDC;Q
2007-03-01;56291.5;HN;NGDP_SA_XDC;Q
2007-06-01;57696.3;HN;NGDP_SA_XDC;Q
2007-09-01;58786.8;HN;NGDP_SA_XDC;Q
2007-12-01;60792.6;HN;NGDP_SA_XDC;Q
2008-03-01;63012.0;HN;NGDP_SA_XDC;Q
2008-06-01;66327.3;HN;NGDP_SA_XDC;Q
2008-09-01;64819.2;HN;NGDP_SA_XDC;Q
2008-12-01;68258.3;HN;NGDP_SA_XDC;Q
2009-03-01;69024.6;HN;NGDP_SA_XDC;Q
2009-06-01;68778.1;HN;NGDP_SA_XDC;Q
2009-09-01;68598.0;HN;NGDP_SA_XDC;Q
2009-12-01;69231.5;HN;NGDP_SA_XDC;Q
2010-03-01;71232.5;HN;NGDP_SA_XDC;Q
2010-06-01;73047.6;HN;NGDP_SA_XDC;Q
2010-09-01;75603.0;HN;NGDP_SA_XDC;Q
2010-12-01;79402.8;HN;NGDP_SA_XDC;Q
2011-03-01;79984.2;HN;NGDP_SA_XDC;Q
2011-06-01;82388.2;HN;NGDP_SA_XDC;Q
2011-09-01;85047.2;HN;NGDP_SA_XDC;Q
2011-12-01;87608.3;HN;NGDP_SA_XDC;Q
2012-03-01;89048.1;HN;NGDP_SA_XDC;Q
2012-06-01;90543.1;HN;NGDP_SA_XDC;Q
2012-09-01;91371.3;HN;NGDP_SA_XDC;Q
2012-12-01;90386.0;HN;NGDP_SA_XDC;Q
2013-03-01;92856.9;HN;NGDP_SA_XDC;Q
2013-06-01;93989.7;HN;NGDP_SA_XDC;Q
2013-09-01;94644.4;HN;NGDP_SA_XDC;Q
2013-12-01;95048.5;HN;NGDP_SA_XDC;Q
2014-03-01;99516.5;HN;NGDP_SA_XDC;Q
2014-06-01;103052.2;HN;NGDP_SA_XDC;Q
2014-09-01;104294.0;HN;NGDP_SA_XDC;Q
2014-12-01;107770.7;HN;NGDP_SA_XDC;Q
2015-03-01;113975.3;HN;NGDP_SA_XDC;Q
2015-06-01;113478.7;HN;NGDP_SA_XDC;Q
2015-09-01;114921.0;HN;NGDP_SA_XDC;Q
2015-12-01;118030.2;HN;NGDP_SA_XDC;Q
2016-03-01;118600.2;HN;NGDP_SA_XDC;Q
2016-06-01;122164.8;HN;NGDP_SA_XDC;Q
2016-09-01;125577.4;HN;NGDP_SA_XDC;Q
2016-12-01;129579.5;HN;NGDP_SA_XDC;Q
2017-03-01;132316.7;HN;NGDP_SA_XDC;Q
2017-06-01;133723.5;HN;NGDP_SA_XDC;Q
2017-09-01;137762.0;HN;NGDP_SA_XDC;Q
2017-12-01;139600.9;HN;NGDP_SA_XDC;Q
2018-03-01;139537.0;HN;NGDP_SA_XDC;Q
2018-06-01;142819.6;HN;NGDP_SA_XDC;Q
2018-09-01;143671.5;HN;NGDP_SA_XDC;Q
2018-12-01;149256.8;HN;NGDP_SA_XDC;Q
2019-03-01;148929.6;HN;NGDP_SA_XDC;Q
2019-06-01;150820.0;HN;NGDP_SA_XDC;Q
2019-09-01;155391.5;HN;NGDP_SA_XDC;Q
2019-12-01;159776.6;HN;NGDP_SA_XDC;Q
2020-03-01;154335.5;HN;NGDP_SA_XDC;Q
2020-06-01;129971.4;HN;NGDP_SA_XDC;Q
2020-09-01;147551.9;HN;NGDP_SA_XDC;Q
2020-12-01;153874.7;HN;NGDP_SA_XDC;Q
2021-03-01;160538.8;HN;NGDP_SA_XDC;Q
2021-06-01;167867.5;HN;NGDP_SA_XDC;Q
2021-09-01;175264.4;HN;NGDP_SA_XDC;Q
2021-12-01;180533.0;HN;NGDP_SA_XDC;Q
2022-03-01;184750.9;HN;NGDP_SA_XDC;Q
2022-06-01;190064.1;HN;NGDP_SA_XDC;Q
2022-09-01;198609.5;HN;NGDP_SA_XDC;Q
2022-12-01;203211.1;HN;NGDP_SA_XDC;Q
2023-03-01;204588.2;HN;NGDP_SA_XDC;Q
2000-03-01;26322.9;HN;NGDP_R_SA_XDC;Q
2000-06-01;26473.9;HN;NGDP_R_SA_XDC;Q
2000-09-01;26865.3;HN;NGDP_R_SA_XDC;Q
2000-12-01;26992.1;HN;NGDP_R_SA_XDC;Q
2001-03-01;27189.0;HN;NGDP_R_SA_XDC;Q
2001-06-01;27361.0;HN;NGDP_R_SA_XDC;Q
2001-09-01;27205.1;HN;NGDP_R_SA_XDC;Q
2001-12-01;27803.8;HN;NGDP_R_SA_XDC;Q
2002-03-01;27600.4;HN;NGDP_R_SA_XDC;Q
2002-06-01;28409.9;HN;NGDP_R_SA_XDC;Q
2002-09-01;29030.2;HN;NGDP_R_SA_XDC;Q
2002-12-01;28631.3;HN;NGDP_R_SA_XDC;Q
2003-03-01;29105.8;HN;NGDP_R_SA_XDC;Q
2003-06-01;29401.1;HN;NGDP_R_SA_XDC;Q
2003-09-01;29728.7;HN;NGDP_R_SA_XDC;Q
2003-12-01;30604.9;HN;NGDP_R_SA_XDC;Q
2004-03-01;31033.3;HN;NGDP_R_SA_XDC;Q
2004-06-01;31589.6;HN;NGDP_R_SA_XDC;Q
2004-09-01;31352.0;HN;NGDP_R_SA_XDC;Q
2004-12-01;32272.1;HN;NGDP_R_SA_XDC;Q
2005-03-01;32563.8;HN;NGDP_R_SA_XDC;Q
2005-06-01;33402.1;HN;NGDP_R_SA_XDC;Q
2005-09-01;33739.6;HN;NGDP_R_SA_XDC;Q
2005-12-01;34180.5;HN;NGDP_R_SA_XDC;Q
2006-03-01;34902.1;HN;NGDP_R_SA_XDC;Q
2006-06-01;35174.3;HN;NGDP_R_SA_XDC;Q
2006-09-01;35752.4;HN;NGDP_R_SA_XDC;Q
2006-12-01;36849.5;HN;NGDP_R_SA_XDC;Q
2007-03-01;37127.9;HN;NGDP_R_SA_XDC;Q
2007-06-01;37989.9;HN;NGDP_R_SA_XDC;Q
2007-09-01;38076.8;HN;NGDP_R_SA_XDC;Q
2007-12-01;38313.1;HN;NGDP_R_SA_XDC;Q
2008-03-01;39356.0;HN;NGDP_R_SA_XDC;Q
2008-06-01;40342.4;HN;NGDP_R_SA_XDC;Q
2008-09-01;39460.9;HN;NGDP_R_SA_XDC;Q
2008-12-01;38759.8;HN;NGDP_R_SA_XDC;Q
2009-03-01;38370.2;HN;NGDP_R_SA_XDC;Q
2009-06-01;38485.9;HN;NGDP_R_SA_XDC;Q
2009-09-01;38232.3;HN;NGDP_R_SA_XDC;Q
2009-12-01;38990.8;HN;NGDP_R_SA_XDC;Q
2010-03-01;39375.4;HN;NGDP_R_SA_XDC;Q
2010-06-01;39924.9;HN;NGDP_R_SA_XDC;Q
2010-09-01;39775.1;HN;NGDP_R_SA_XDC;Q
2010-12-01;40752.4;HN;NGDP_R_SA_XDC;Q
2011-03-01;41074.4;HN;NGDP_R_SA_XDC;Q
2011-06-01;40944.2;HN;NGDP_R_SA_XDC;Q
2011-09-01;42022.1;HN;NGDP_R_SA_XDC;Q
2011-12-01;41917.6;HN;NGDP_R_SA_XDC;Q
2012-03-01;42882.9;HN;NGDP_R_SA_XDC;Q
2012-06-01;43080.4;HN;NGDP_R_SA_XDC;Q
2012-09-01;43404.4;HN;NGDP_R_SA_XDC;Q
2012-12-01;43442.5;HN;NGDP_R_SA_XDC;Q
2013-03-01;43752.3;HN;NGDP_R_SA_XDC;Q
2013-06-01;44519.0;HN;NGDP_R_SA_XDC;Q
2013-09-01;44587.9;HN;NGDP_R_SA_XDC;Q
2013-12-01;44775.2;HN;NGDP_R_SA_XDC;Q
2014-03-01;45386.0;HN;NGDP_R_SA_XDC;Q
2014-06-01;45954.6;HN;NGDP_R_SA_XDC;Q
2014-09-01;45794.2;HN;NGDP_R_SA_XDC;Q
2014-12-01;45931.8;HN;NGDP_R_SA_XDC;Q
2015-03-01;46894.3;HN;NGDP_R_SA_XDC;Q
2015-06-01;47176.1;HN;NGDP_R_SA_XDC;Q
2015-09-01;47699.4;HN;NGDP_R_SA_XDC;Q
2015-12-01;48326.7;HN;NGDP_R_SA_XDC;Q
2016-03-01;48495.9;HN;NGDP_R_SA_XDC;Q
2016-06-01;49290.5;HN;NGDP_R_SA_XDC;Q
2016-09-01;49232.9;HN;NGDP_R_SA_XDC;Q
2016-12-01;50477.5;HN;NGDP_R_SA_XDC;Q
2017-03-01;51210.1;HN;NGDP_R_SA_XDC;Q
2017-06-01;51389.2;HN;NGDP_R_SA_XDC;Q
2017-09-01;52063.5;HN;NGDP_R_SA_XDC;Q
2017-12-01;52398.5;HN;NGDP_R_SA_XDC;Q
2018-03-01;52849.5;HN;NGDP_R_SA_XDC;Q
2018-06-01;53750.7;HN;NGDP_R_SA_XDC;Q
2018-09-01;53749.2;HN;NGDP_R_SA_XDC;Q
2018-12-01;54673.5;HN;NGDP_R_SA_XDC;Q
2019-03-01;54741.6;HN;NGDP_R_SA_XDC;Q
2019-06-01;54634.1;HN;NGDP_R_SA_XDC;Q
2019-09-01;55241.5;HN;NGDP_R_SA_XDC;Q
2019-12-01;56110.5;HN;NGDP_R_SA_XDC;Q
2020-03-01;53774.5;HN;NGDP_R_SA_XDC;Q
2020-06-01;44734.3;HN;NGDP_R_SA_XDC;Q
2020-09-01;50676.2;HN;NGDP_R_SA_XDC;Q
2020-12-01;51754.9;HN;NGDP_R_SA_XDC;Q
2021-03-01;55101.7;HN;NGDP_R_SA_XDC;Q
2021-06-01;56194.1;HN;NGDP_R_SA_XDC;Q
2021-09-01;57114.7;HN;NGDP_R_SA_XDC;Q
2021-12-01;57715.4;HN;NGDP_R_SA_XDC;Q
2022-03-01;58312.8;HN;NGDP_R_SA_XDC;Q
2022-06-01;58433.3;HN;NGDP_R_SA_XDC;Q
2022-09-01;58925.7;HN;NGDP_R_SA_XDC;Q
2022-12-01;59494.5;HN;NGDP_R_SA_XDC;Q
2023-03-01;59396.3;HN;NGDP_R_SA_XDC;Q
2000-03-01;2764.8131160042;SV;NGDP_NSA_XDC;Q
2000-06-01;2970.42000952995;SV;NGDP_NSA_XDC;Q
2000-09-01;2956.48601938366;SV;NGDP_NSA_XDC;Q
2000-12-01;3093.20852368965;SV;NGDP_NSA_XDC;Q
2001-03-01;2943.46277645951;SV;NGDP_NSA_XDC;Q
2001-06-01;3158.80403109171;SV;NGDP_NSA_XDC;Q
2001-09-01;3021.84002458482;SV;NGDP_NSA_XDC;Q
2001-12-01;3158.4267679506;SV;NGDP_NSA_XDC;Q
2002-03-01;2952.63010675803;SV;NGDP_NSA_XDC;Q
2002-06-01;3253.90560731787;SV;NGDP_NSA_XDC;Q
2002-09-01;3165.35901428372;SV;NGDP_NSA_XDC;Q
2002-12-01;3292.29554226511;SV;NGDP_NSA_XDC;Q
2003-03-01;3114.01974902365;SV;NGDP_NSA_XDC;Q
2003-06-01;3365.69826225806;SV;NGDP_NSA_XDC;Q
2003-09-01;3306.8260759503;SV;NGDP_NSA_XDC;Q
2003-12-01;3457.3480819913;SV;NGDP_NSA_XDC;Q
2004-03-01;3192.59652969425;SV;NGDP_NSA_XDC;Q
2004-06-01;3482.66364341383;SV;NGDP_NSA_XDC;Q
2004-09-01;3440.29112408465;SV;NGDP_NSA_XDC;Q
2004-12-01;3609.2596201971;SV;NGDP_NSA_XDC;Q
2005-03-01;3348.26085338734;SV;NGDP_NSA_XDC;Q
2005-06-01;3750.53197237424;SV;NGDP_NSA_XDC;Q
2005-09-01;3670.24865701281;SV;NGDP_NSA_XDC;Q
2005-12-01;3928.95994797029;SV;NGDP_NSA_XDC;Q
2006-03-01;3725.31275161235;SV;NGDP_NSA_XDC;Q
2006-06-01;3910.06578891288;SV;NGDP_NSA_XDC;Q
2006-09-01;3974.79311837925;SV;NGDP_NSA_XDC;Q
2006-12-01;4389.71472056811;SV;NGDP_NSA_XDC;Q
2007-03-01;3915.6571657235;SV;NGDP_NSA_XDC;Q
2007-06-01;4214.93472883147;SV;NGDP_NSA_XDC;Q
2007-09-01;4250.23771989198;SV;NGDP_NSA_XDC;Q
2007-12-01;4630.92123926357;SV;NGDP_NSA_XDC;Q
2008-03-01;4204.00791551425;SV;NGDP_NSA_XDC;Q
2008-06-01;4511.01499435536;SV;NGDP_NSA_XDC;Q
2008-09-01;4559.530603581;SV;NGDP_NSA_XDC;Q
2008-12-01;4712.33272941167;SV;NGDP_NSA_XDC;Q
2009-03-01;4227.32867757695;SV;NGDP_NSA_XDC;Q
2009-06-01;4436.39207778094;SV;NGDP_NSA_XDC;Q
2009-09-01;4312.84920203996;SV;NGDP_NSA_XDC;Q
2009-12-01;4625.04605276012;SV;NGDP_NSA_XDC;Q
2010-03-01;4374.9966595664;SV;NGDP_NSA_XDC;Q
2010-06-01;4579.70794514571;SV;NGDP_NSA_XDC;Q
2010-09-01;4498.44891993874;SV;NGDP_NSA_XDC;Q
2010-12-01;4994.76891156749;SV;NGDP_NSA_XDC;Q
2011-03-01;4727.86905614296;SV;NGDP_NSA_XDC;Q
2011-06-01;5163.08662125785;SV;NGDP_NSA_XDC;Q
2011-09-01;5032.40002075541;SV;NGDP_NSA_XDC;Q
2011-12-01;5360.42796241006;SV;NGDP_NSA_XDC;Q
2012-03-01;5176.51954111154;SV;NGDP_NSA_XDC;Q
2012-06-01;5401.28816918053;SV;NGDP_NSA_XDC;Q
2012-09-01;5225.96630691076;SV;NGDP_NSA_XDC;Q
2012-12-01;5582.37900074305;SV;NGDP_NSA_XDC;Q
2013-03-01;5208.33369035025;SV;NGDP_NSA_XDC;Q
2013-06-01;5550.62456295391;SV;NGDP_NSA_XDC;Q
2013-09-01;5428.0198967442;SV;NGDP_NSA_XDC;Q
2013-12-01;5803.98390121312;SV;NGDP_NSA_XDC;Q
2014-03-01;5434.07511783049;SV;NGDP_NSA_XDC;Q
2014-06-01;5701.61158961125;SV;NGDP_NSA_XDC;Q
2014-09-01;5589.75460774649;SV;NGDP_NSA_XDC;Q
2014-12-01;5868.0310804516;SV;NGDP_NSA_XDC;Q
2015-03-01;5617.58312104504;SV;NGDP_NSA_XDC;Q
2015-06-01;5870.23372644949;SV;NGDP_NSA_XDC;Q
2015-09-01;5828.24443094428;SV;NGDP_NSA_XDC;Q
2015-12-01;6122.17666152644;SV;NGDP_NSA_XDC;Q
2016-03-01;5695.0447162196;SV;NGDP_NSA_XDC;Q
2016-06-01;6181.73250952612;SV;NGDP_NSA_XDC;Q
2016-09-01;5962.28373773141;SV;NGDP_NSA_XDC;Q
2016-12-01;6352.36901163024;SV;NGDP_NSA_XDC;Q
2017-03-01;5934.51403428587;SV;NGDP_NSA_XDC;Q
2017-06-01;6271.35838209738;SV;NGDP_NSA_XDC;Q
2017-09-01;6150.90397893286;SV;NGDP_NSA_XDC;Q
2017-12-01;6622.41397657694;SV;NGDP_NSA_XDC;Q
2018-03-01;6157.70469569921;SV;NGDP_NSA_XDC;Q
2018-06-01;6527.73034254996;SV;NGDP_NSA_XDC;Q
2018-09-01;6480.44617958022;SV;NGDP_NSA_XDC;Q
2018-12-01;6854.97251651239;SV;NGDP_NSA_XDC;Q
2019-03-01;6407.42198686445;SV;NGDP_NSA_XDC;Q
2019-06-01;6719.47856595802;SV;NGDP_NSA_XDC;Q
2019-09-01;6691.63740438955;SV;NGDP_NSA_XDC;Q
2019-12-01;7062.59880841051;SV;NGDP_NSA_XDC;Q
2020-03-01;6448.96495875874;SV;NGDP_NSA_XDC;Q
2020-06-01;5356.91400981213;SV;NGDP_NSA_XDC;Q
2020-09-01;6117.43051274422;SV;NGDP_NSA_XDC;Q
2020-12-01;7006.77554532073;SV;NGDP_NSA_XDC;Q
2021-03-01;6827.54141135816;SV;NGDP_NSA_XDC;Q
2021-06-01;7268.71952635702;SV;NGDP_NSA_XDC;Q
2021-09-01;7369.79367750088;SV;NGDP_NSA_XDC;Q
2021-12-01;7985.19346590879;SV;NGDP_NSA_XDC;Q
2022-03-01;7745.54117912396;SV;NGDP_NSA_XDC;Q
2022-06-01;8103.89766315012;SV;NGDP_NSA_XDC;Q
2022-09-01;8106.75131875808;SV;NGDP_NSA_XDC;Q
2022-12-01;8532.52515942316;SV;NGDP_NSA_XDC;Q
2005-03-01;81.16;SV;NGDP_R_SA_XDC;Q
2005-06-01;83.99;SV;NGDP_R_SA_XDC;Q
2005-09-01;83.53;SV;NGDP_R_SA_XDC;Q
2005-12-01;83.41;SV;NGDP_R_SA_XDC;Q
2006-03-01;85.68;SV;NGDP_R_SA_XDC;Q
2006-06-01;85.61;SV;NGDP_R_SA_XDC;Q
2006-09-01;86.74;SV;NGDP_R_SA_XDC;Q
2006-12-01;88.49;SV;NGDP_R_SA_XDC;Q
2007-03-01;85.39;SV;NGDP_R_SA_XDC;Q
2007-06-01;87.12;SV;NGDP_R_SA_XDC;Q
2007-09-01;89.4;SV;NGDP_R_SA_XDC;Q
2007-12-01;91.05;SV;NGDP_R_SA_XDC;Q
2008-03-01;90.29;SV;NGDP_R_SA_XDC;Q
2008-06-01;90.48;SV;NGDP_R_SA_XDC;Q
2008-09-01;90.45;SV;NGDP_R_SA_XDC;Q
2008-12-01;89.25;SV;NGDP_R_SA_XDC;Q
2009-03-01;88.07;SV;NGDP_R_SA_XDC;Q
2009-06-01;88.65;SV;NGDP_R_SA_XDC;Q
2009-09-01;88.28;SV;NGDP_R_SA_XDC;Q
2009-12-01;87.97;SV;NGDP_R_SA_XDC;Q
2000-03-01;72.2455585913005;SV;NGDP_R_NSA_XDC;Q
2000-06-01;77.6181404801109;SV;NGDP_R_NSA_XDC;Q
2000-09-01;77.2540403188026;SV;NGDP_R_NSA_XDC;Q
2000-12-01;80.8266484051904;SV;NGDP_R_NSA_XDC;Q
2001-03-01;74.4451503008268;SV;NGDP_R_NSA_XDC;Q
2001-06-01;79.891494720492;SV;NGDP_R_NSA_XDC;Q
2001-09-01;76.4274434228999;SV;NGDP_R_NSA_XDC;Q
2001-12-01;79.8819530977926;SV;NGDP_R_NSA_XDC;Q
2002-03-01;73.5714534734751;SV;NGDP_R_NSA_XDC;Q
2002-06-01;81.0784135974013;SV;NGDP_R_NSA_XDC;Q
2002-09-01;78.872075074084;SV;NGDP_R_NSA_XDC;Q
2002-12-01;82.0349856063217;SV;NGDP_R_NSA_XDC;Q
2003-03-01;75.3556253478268;SV;NGDP_R_NSA_XDC;Q
2003-06-01;81.44595016267;SV;NGDP_R_NSA_XDC;Q
2003-09-01;80.0213123079467;SV;NGDP_R_NSA_XDC;Q
2003-12-01;83.6637682998796;SV;NGDP_R_NSA_XDC;Q
2004-03-01;75.2140762708598;SV;NGDP_R_NSA_XDC;Q
2004-06-01;82.0477396580284;SV;NGDP_R_NSA_XDC;Q
2004-09-01;81.0494895280884;SV;NGDP_R_NSA_XDC;Q
2004-12-01;85.0302021661463;SV;NGDP_R_NSA_XDC;Q
2005-03-01;4352.1452316683;SV;NGDP_R_NSA_XDC;Q
2005-06-01;4789.00528688181;SV;NGDP_R_NSA_XDC;Q
2005-09-01;4661.60781047821;SV;NGDP_R_NSA_XDC;Q
2005-12-01;4955.2390572051;SV;NGDP_R_NSA_XDC;Q
2006-03-01;4636.39592983184;SV;NGDP_R_NSA_XDC;Q
2006-06-01;4849.14923334458;SV;NGDP_R_NSA_XDC;Q
2006-09-01;4844.44902563074;SV;NGDP_R_NSA_XDC;Q
2006-12-01;5242.64340944408;SV;NGDP_R_NSA_XDC;Q
2007-03-01;4627.51239707529;SV;NGDP_R_NSA_XDC;Q
2007-06-01;4940.2429362166;SV;NGDP_R_NSA_XDC;Q
2007-09-01;4990.7895368768;SV;NGDP_R_NSA_XDC;Q
2007-12-01;5378.25712708288;SV;NGDP_R_NSA_XDC;Q
2008-03-01;4882.75053479182;SV;NGDP_R_NSA_XDC;Q
2008-06-01;5172.20934932593;SV;NGDP_R_NSA_XDC;Q
2008-09-01;5044.5550485792;SV;NGDP_R_NSA_XDC;Q
2008-12-01;5261.3877675066;SV;NGDP_R_NSA_XDC;Q
2009-03-01;4802.24201433371;SV;NGDP_R_NSA_XDC;Q
2009-06-01;5054.08378399568;SV;NGDP_R_NSA_XDC;Q
2009-09-01;4912.16359933825;SV;NGDP_R_NSA_XDC;Q
2009-12-01;5168.21542233094;SV;NGDP_R_NSA_XDC;Q
2010-03-01;4938.34343919682;SV;NGDP_R_NSA_XDC;Q
2010-06-01;5117.53150142713;SV;NGDP_R_NSA_XDC;Q
2010-09-01;4982.60239025959;SV;NGDP_R_NSA_XDC;Q
2010-12-01;5318.13694294201;SV;NGDP_R_NSA_XDC;Q
2011-03-01;5114.2673770725;SV;NGDP_R_NSA_XDC;Q
2011-06-01;5361.7390498791;SV;NGDP_R_NSA_XDC;Q
2011-09-01;5197.12452677209;SV;NGDP_R_NSA_XDC;Q
2011-12-01;5459.43981190681;SV;NGDP_R_NSA_XDC;Q
2012-03-01;5262.90246844566;SV;NGDP_R_NSA_XDC;Q
2012-06-01;5517.08014920128;SV;NGDP_R_NSA_XDC;Q
2012-09-01;5346.01029635972;SV;NGDP_R_NSA_XDC;Q
2012-12-01;5601.26408421347;SV;NGDP_R_NSA_XDC;Q
2013-03-01;5287.99352271659;SV;NGDP_R_NSA_XDC;Q
2013-06-01;5628.86310117122;SV;NGDP_R_NSA_XDC;Q
2013-09-01;5536.09705749606;SV;NGDP_R_NSA_XDC;Q
2013-12-01;5760.69930232265;SV;NGDP_R_NSA_XDC;Q
2014-03-01;5520.45261385266;SV;NGDP_R_NSA_XDC;Q
2014-06-01;5741.80104741257;SV;NGDP_R_NSA_XDC;Q
2014-09-01;5569.70488571895;SV;NGDP_R_NSA_XDC;Q
2014-12-01;5761.51384865565;SV;NGDP_R_NSA_XDC;Q
2015-03-01;5626.98543620486;SV;NGDP_R_NSA_XDC;Q
2015-06-01;5809.97670455758;SV;NGDP_R_NSA_XDC;Q
2015-09-01;5752.91575700463;SV;NGDP_R_NSA_XDC;Q
2015-12-01;5944.81258404581;SV;NGDP_R_NSA_XDC;Q
2016-03-01;5642.6552272922;SV;NGDP_R_NSA_XDC;Q
2016-06-01;6060.7603240566;SV;NGDP_R_NSA_XDC;Q
2016-09-01;5905.15303340038;SV;NGDP_R_NSA_XDC;Q
2016-12-01;6114.23188368679;SV;NGDP_R_NSA_XDC;Q
2017-03-01;5836.8067241587;SV;NGDP_R_NSA_XDC;Q
2017-06-01;6118.40202221779;SV;NGDP_R_NSA_XDC;Q
2017-09-01;6021.28734661432;SV;NGDP_R_NSA_XDC;Q
2017-12-01;6280.79426608793;SV;NGDP_R_NSA_XDC;Q
2018-03-01;5983.84639440438;SV;NGDP_R_NSA_XDC;Q
2018-06-01;6266.75498780617;SV;NGDP_R_NSA_XDC;Q
2018-09-01;6193.59950007464;SV;NGDP_R_NSA_XDC;Q
2018-12-01;6398.29055552926;SV;NGDP_R_NSA_XDC;Q
2019-03-01;6162.50027709923;SV;NGDP_R_NSA_XDC;Q
2019-06-01;6370.64311829187;SV;NGDP_R_NSA_XDC;Q
2019-09-01;6352.65313536334;SV;NGDP_R_NSA_XDC;Q
2019-12-01;6561.62976819126;SV;NGDP_R_NSA_XDC;Q
2020-03-01;6129.76730097438;SV;NGDP_R_NSA_XDC;Q
2020-06-01;5083.50672407027;SV;NGDP_R_NSA_XDC;Q
2020-09-01;5808.67843319296;SV;NGDP_R_NSA_XDC;Q
2020-12-01;6425.17270746083;SV;NGDP_R_NSA_XDC;Q
2021-03-01;6330.85218807067;SV;NGDP_R_NSA_XDC;Q
2021-06-01;6474.28596398539;SV;NGDP_R_NSA_XDC;Q
2021-09-01;6461.62168967258;SV;NGDP_R_NSA_XDC;Q
2021-12-01;6802.64376400906;SV;NGDP_R_NSA_XDC;Q
2022-03-01;6620.7052420923;SV;NGDP_R_NSA_XDC;Q
2022-06-01;6638.54416962705;SV;NGDP_R_NSA_XDC;Q
2022-09-01;6602.29340318519;SV;NGDP_R_NSA_XDC;Q
2022-12-01;6884.25210020209;SV;NGDP_R_NSA_XDC;Q
2020-03-01;109103.641358954;NI;NGDP_NSA_XDC;Q
2020-06-01;98681.0498863221;NI;NGDP_NSA_XDC;Q
2020-09-01;108148.736488108;NI;NGDP_NSA_XDC;Q
2020-12-01;116329.428981318;NI;NGDP_NSA_XDC;Q
2021-03-01;117303.503256389;NI;NGDP_NSA_XDC;Q
2021-06-01;119916.245236831;NI;NGDP_NSA_XDC;Q
2021-09-01;122605.681355049;NI;NGDP_NSA_XDC;Q
2021-12-01;136708.254887927;NI;NGDP_NSA_XDC;Q
2022-03-01;132477.595344616;NI;NGDP_NSA_XDC;Q
2022-06-01;137350.772260761;NI;NGDP_NSA_XDC;Q
2022-09-01;139926.753974232;NI;NGDP_NSA_XDC;Q
2022-12-01;152453.306934709;NI;NGDP_NSA_XDC;Q
2020-03-01;43486.9893896695;NI;NGDP_R_NSA_XDC;Q
2020-06-01;38606.964357918;NI;NGDP_R_NSA_XDC;Q
2020-09-01;42460.0700681016;NI;NGDP_R_NSA_XDC;Q
2020-12-01;45423.2850701285;NI;NGDP_R_NSA_XDC;Q
2021-03-01;45157.2512723791;NI;NGDP_R_NSA_XDC;Q
2021-06-01;46115.2343586361;NI;NGDP_R_NSA_XDC;Q
2021-09-01;47174.4294237641;NI;NGDP_R_NSA_XDC;Q
2021-12-01;50468.7100636526;NI;NGDP_R_NSA_XDC;Q
2022-03-01;47753.4431742709;NI;NGDP_R_NSA_XDC;Q
2022-06-01;48222.5056434687;NI;NGDP_R_NSA_XDC;Q
2022-09-01;48762.5140666931;NI;NGDP_R_NSA_XDC;Q
2022-12-01;51694.043074384;NI;NGDP_R_NSA_XDC;Q
1991-03-01;201364.6;CR;NGDP_SA_XDC;Q
1991-06-01;214073.8;CR;NGDP_SA_XDC;Q
1991-09-01;224905.6;CR;NGDP_SA_XDC;Q
1991-12-01;241619.4;CR;NGDP_SA_XDC;Q
1992-03-01;259222.5;CR;NGDP_SA_XDC;Q
1992-06-01;278213.8;CR;NGDP_SA_XDC;Q
1992-09-01;302377.2;CR;NGDP_SA_XDC;Q
1992-12-01;312817.0;CR;NGDP_SA_XDC;Q
1993-03-01;305817.2;CR;NGDP_SA_XDC;Q
1993-06-01;330720.9;CR;NGDP_SA_XDC;Q
1993-09-01;352805.9;CR;NGDP_SA_XDC;Q
1993-12-01;374792.4;CR;NGDP_SA_XDC;Q
1994-03-01;390242.0;CR;NGDP_SA_XDC;Q
1994-06-01;407239.3;CR;NGDP_SA_XDC;Q
1994-09-01;416008.8;CR;NGDP_SA_XDC;Q
1994-12-01;434585.6;CR;NGDP_SA_XDC;Q
1995-03-01;504818.6;CR;NGDP_SA_XDC;Q
1995-06-01;490786.6;CR;NGDP_SA_XDC;Q
1995-09-01;510113.3;CR;NGDP_SA_XDC;Q
1995-12-01;568814.8;CR;NGDP_SA_XDC;Q
1996-03-01;575134.6;CR;NGDP_SA_XDC;Q
1996-06-01;583588.8;CR;NGDP_SA_XDC;Q
1996-09-01;618611.4;CR;NGDP_SA_XDC;Q
1996-12-01;646462.0;CR;NGDP_SA_XDC;Q
1997-03-01;689738.3;CR;NGDP_SA_XDC;Q
1997-06-01;705085.1;CR;NGDP_SA_XDC;Q
1997-09-01;731575.3;CR;NGDP_SA_XDC;Q
1997-12-01;800502.6;CR;NGDP_SA_XDC;Q
1998-03-01;833129.5;CR;NGDP_SA_XDC;Q
1998-06-01;858678.5;CR;NGDP_SA_XDC;Q
1998-09-01;886470.5;CR;NGDP_SA_XDC;Q
1998-12-01;932668.6;CR;NGDP_SA_XDC;Q
1999-03-01;952882.1;CR;NGDP_SA_XDC;Q
1999-06-01;993798.1;CR;NGDP_SA_XDC;Q
1999-09-01;1.0360149e6;CR;NGDP_SA_XDC;Q
1999-12-01;1.0841586e6;CR;NGDP_SA_XDC;Q
2000-03-01;1.109376e6;CR;NGDP_SA_XDC;Q
2000-06-01;1.1326799e6;CR;NGDP_SA_XDC;Q
2000-09-01;1.1789479e6;CR;NGDP_SA_XDC;Q
2000-12-01;1.2054688e6;CR;NGDP_SA_XDC;Q
2001-03-01;1.253375e6;CR;NGDP_SA_XDC;Q
2001-06-01;1.2947521e6;CR;NGDP_SA_XDC;Q
2001-09-01;1.3331802e6;CR;NGDP_SA_XDC;Q
2001-12-01;1.3723403e6;CR;NGDP_SA_XDC;Q
2002-03-01;1.4031004e6;CR;NGDP_SA_XDC;Q
2002-06-01;1.4798267e6;CR;NGDP_SA_XDC;Q
2002-09-01;1.5225372e6;CR;NGDP_SA_XDC;Q
2002-12-01;1.5608326e6;CR;NGDP_SA_XDC;Q
2003-03-01;1.6309e6;CR;NGDP_SA_XDC;Q
2003-06-01;1.6796799e6;CR;NGDP_SA_XDC;Q
2003-09-01;1.74311e6;CR;NGDP_SA_XDC;Q
2003-12-01;1.8315757e6;CR;NGDP_SA_XDC;Q
2004-03-01;1.9079804e6;CR;NGDP_SA_XDC;Q
2004-06-01;2.0004379e6;CR;NGDP_SA_XDC;Q
2004-09-01;2.074212e6;CR;NGDP_SA_XDC;Q
2004-12-01;2.165933e6;CR;NGDP_SA_XDC;Q
2005-03-01;2.2335441e6;CR;NGDP_SA_XDC;Q
2005-06-01;2.3381908e6;CR;NGDP_SA_XDC;Q
2005-09-01;2.4583566e6;CR;NGDP_SA_XDC;Q
2005-12-01;2.5499227e6;CR;NGDP_SA_XDC;Q
2006-03-01;2.6939021e6;CR;NGDP_SA_XDC;Q
2006-06-01;2.8248623e6;CR;NGDP_SA_XDC;Q
2006-09-01;2.9648582e6;CR;NGDP_SA_XDC;Q
2006-12-01;3.1326771e6;CR;NGDP_SA_XDC;Q
2007-03-01;3.2777991e6;CR;NGDP_SA_XDC;Q
2007-06-01;3.3960503e6;CR;NGDP_SA_XDC;Q
2007-09-01;3.5384239e6;CR;NGDP_SA_XDC;Q
2007-12-01;3.6813585e6;CR;NGDP_SA_XDC;Q
2008-03-01;3.8380119e6;CR;NGDP_SA_XDC;Q
2008-06-01;4.0422105e6;CR;NGDP_SA_XDC;Q
2008-09-01;4.1363735e6;CR;NGDP_SA_XDC;Q
2008-12-01;4.1901661e6;CR;NGDP_SA_XDC;Q
2009-03-01;4.2104705e6;CR;NGDP_SA_XDC;Q
2009-06-01;4.3204092e6;CR;NGDP_SA_XDC;Q
2009-09-01;4.4833179e6;CR;NGDP_SA_XDC;Q
2009-12-01;4.6309829e6;CR;NGDP_SA_XDC;Q
2010-03-01;4.8217041e6;CR;NGDP_SA_XDC;Q
2010-06-01;4.8988469e6;CR;NGDP_SA_XDC;Q
2010-09-01;5.0013391e6;CR;NGDP_SA_XDC;Q
2010-12-01;5.0964807e6;CR;NGDP_SA_XDC;Q
2011-03-01;5.1854512e6;CR;NGDP_SA_XDC;Q
2011-06-01;5.3529916e6;CR;NGDP_SA_XDC;Q
2011-09-01;5.4791408e6;CR;NGDP_SA_XDC;Q
2011-12-01;5.6209355e6;CR;NGDP_SA_XDC;Q
2012-03-01;5.7982515e6;CR;NGDP_SA_XDC;Q
2012-06-01;5.8582907e6;CR;NGDP_SA_XDC;Q
2012-09-01;5.9573288e6;CR;NGDP_SA_XDC;Q
2012-12-01;6.1531188e6;CR;NGDP_SA_XDC;Q
2013-03-01;6.1826467e6;CR;NGDP_SA_XDC;Q
2013-06-01;6.3156505e6;CR;NGDP_SA_XDC;Q
2013-09-01;6.4468268e6;CR;NGDP_SA_XDC;Q
2013-12-01;6.543141e6;CR;NGDP_SA_XDC;Q
2014-03-01;6.7748109e6;CR;NGDP_SA_XDC;Q
2014-06-01;6.9220828e6;CR;NGDP_SA_XDC;Q
2014-09-01;7.0914682e6;CR;NGDP_SA_XDC;Q
2014-12-01;7.2272821e6;CR;NGDP_SA_XDC;Q
2015-03-01;7.404262e6;CR;NGDP_SA_XDC;Q
2015-06-01;7.5405158e6;CR;NGDP_SA_XDC;Q
2015-09-01;7.6183428e6;CR;NGDP_SA_XDC;Q
2015-12-01;7.6039099e6;CR;NGDP_SA_XDC;Q
2016-03-01;7.7078541e6;CR;NGDP_SA_XDC;Q
2016-06-01;7.8489742e6;CR;NGDP_SA_XDC;Q
2016-09-01;8.084648e6;CR;NGDP_SA_XDC;Q
2016-12-01;8.4259362e6;CR;NGDP_SA_XDC;Q
2017-03-01;8.3897641e6;CR;NGDP_SA_XDC;Q
2017-06-01;8.5737301e6;CR;NGDP_SA_XDC;Q
2017-09-01;8.661798e6;CR;NGDP_SA_XDC;Q
2017-12-01;8.7736789e6;CR;NGDP_SA_XDC;Q
2018-03-01;9.0334542e6;CR;NGDP_SA_XDC;Q
2018-06-01;9.0489346e6;CR;NGDP_SA_XDC;Q
2018-09-01;8.9620643e6;CR;NGDP_SA_XDC;Q
2018-12-01;8.975438e6;CR;NGDP_SA_XDC;Q
2019-03-01;9.2427219e6;CR;NGDP_SA_XDC;Q
2019-06-01;9.4262817e6;CR;NGDP_SA_XDC;Q
2019-09-01;9.5283254e6;CR;NGDP_SA_XDC;Q
2019-12-01;9.5777056e6;CR;NGDP_SA_XDC;Q
2020-03-01;9.6202462e6;CR;NGDP_SA_XDC;Q
2020-06-01;8.5901042e6;CR;NGDP_SA_XDC;Q
2020-09-01;8.8719178e6;CR;NGDP_SA_XDC;Q
2020-12-01;9.3508324e6;CR;NGDP_SA_XDC;Q
2021-03-01;9.6454809e6;CR;NGDP_SA_XDC;Q
2021-06-01;9.8369278e6;CR;NGDP_SA_XDC;Q
2021-09-01;1.01989203e7;CR;NGDP_SA_XDC;Q
2021-12-01;1.0408721e7;CR;NGDP_SA_XDC;Q
2022-03-01;1.06560793e7;CR;NGDP_SA_XDC;Q
2022-06-01;1.09527475e7;CR;NGDP_SA_XDC;Q
2022-09-01;1.12306701e7;CR;NGDP_SA_XDC;Q
2022-12-01;1.13961131e7;CR;NGDP_SA_XDC;Q
2023-03-01;1.15688771e7;CR;NGDP_SA_XDC;Q
1991-03-01;211970.5;CR;NGDP_NSA_XDC;Q
1991-06-01;208473.8;CR;NGDP_NSA_XDC;Q
1991-09-01;217245.6;CR;NGDP_NSA_XDC;Q
1991-12-01;243350.2;CR;NGDP_NSA_XDC;Q
1992-03-01;272319.1;CR;NGDP_NSA_XDC;Q
1992-06-01;270415.5;CR;NGDP_NSA_XDC;Q
1992-09-01;292990.6;CR;NGDP_NSA_XDC;Q
1992-12-01;316192.6;CR;NGDP_NSA_XDC;Q
1993-03-01;321328.3;CR;NGDP_NSA_XDC;Q
1993-06-01;320098.1;CR;NGDP_NSA_XDC;Q
1993-09-01;340111.5;CR;NGDP_NSA_XDC;Q
1993-12-01;380874.5;CR;NGDP_NSA_XDC;Q
1994-03-01;412402.8;CR;NGDP_NSA_XDC;Q
1994-06-01;393090.7;CR;NGDP_NSA_XDC;Q
1994-09-01;398278.7;CR;NGDP_NSA_XDC;Q
1994-12-01;443352.5;CR;NGDP_NSA_XDC;Q
1995-03-01;535267.0;CR;NGDP_NSA_XDC;Q
1995-06-01;470196.1;CR;NGDP_NSA_XDC;Q
1995-09-01;488473.2;CR;NGDP_NSA_XDC;Q
1995-12-01;585926.6;CR;NGDP_NSA_XDC;Q
1996-03-01;611790.6;CR;NGDP_NSA_XDC;Q
1996-06-01;551858.5;CR;NGDP_NSA_XDC;Q
1996-09-01;590535.7;CR;NGDP_NSA_XDC;Q
1996-12-01;671540.8;CR;NGDP_NSA_XDC;Q
1997-03-01;735763.7;CR;NGDP_NSA_XDC;Q
1997-06-01;664382.3;CR;NGDP_NSA_XDC;Q
1997-09-01;697288.5;CR;NGDP_NSA_XDC;Q
1997-12-01;836722.0;CR;NGDP_NSA_XDC;Q
1998-03-01;882113.0;CR;NGDP_NSA_XDC;Q
1998-06-01;809470.4;CR;NGDP_NSA_XDC;Q
1998-09-01;846868.9;CR;NGDP_NSA_XDC;Q
1998-12-01;981001.5;CR;NGDP_NSA_XDC;Q
1999-03-01;997896.3;CR;NGDP_NSA_XDC;Q
1999-06-01;938973.7;CR;NGDP_NSA_XDC;Q
1999-09-01;994541.2;CR;NGDP_NSA_XDC;Q
1999-12-01;1.140919e6;CR;NGDP_NSA_XDC;Q
2000-03-01;1.1522162e6;CR;NGDP_NSA_XDC;Q
2000-06-01;1.0773379e6;CR;NGDP_NSA_XDC;Q
2000-09-01;1.1368097e6;CR;NGDP_NSA_XDC;Q
2000-12-01;1.2606867e6;CR;NGDP_NSA_XDC;Q
2001-03-01;1.2911556e6;CR;NGDP_NSA_XDC;Q
2001-06-01;1.2448152e6;CR;NGDP_NSA_XDC;Q
2001-09-01;1.290914e6;CR;NGDP_NSA_XDC;Q
2001-12-01;1.4271997e6;CR;NGDP_NSA_XDC;Q
2002-03-01;1.434536e6;CR;NGDP_NSA_XDC;Q
2002-06-01;1.4341383e6;CR;NGDP_NSA_XDC;Q
2002-09-01;1.4766631e6;CR;NGDP_NSA_XDC;Q
2002-12-01;1.6200539e6;CR;NGDP_NSA_XDC;Q
2003-03-01;1.6617797e6;CR;NGDP_NSA_XDC;Q
2003-06-01;1.6337177e6;CR;NGDP_NSA_XDC;Q
2003-09-01;1.6901928e6;CR;NGDP_NSA_XDC;Q
2003-12-01;1.8998698e6;CR;NGDP_NSA_XDC;Q
2004-03-01;1.9386325e6;CR;NGDP_NSA_XDC;Q
2004-06-01;1.9508305e6;CR;NGDP_NSA_XDC;Q
2004-09-01;2.0161244e6;CR;NGDP_NSA_XDC;Q
2004-12-01;2.2445504e6;CR;NGDP_NSA_XDC;Q
2005-03-01;2.2623725e6;CR;NGDP_NSA_XDC;Q
2005-06-01;2.2823753e6;CR;NGDP_NSA_XDC;Q
2005-09-01;2.3940789e6;CR;NGDP_NSA_XDC;Q
2005-12-01;2.6381955e6;CR;NGDP_NSA_XDC;Q
2006-03-01;2.7279976e6;CR;NGDP_NSA_XDC;Q
2006-06-01;2.7600918e6;CR;NGDP_NSA_XDC;Q
2006-09-01;2.8879508e6;CR;NGDP_NSA_XDC;Q
2006-12-01;3.2372798e6;CR;NGDP_NSA_XDC;Q
2007-03-01;3.318389e6;CR;NGDP_NSA_XDC;Q
2007-06-01;3.3263592e6;CR;NGDP_NSA_XDC;Q
2007-09-01;3.4488288e6;CR;NGDP_NSA_XDC;Q
2007-12-01;3.795476e6;CR;NGDP_NSA_XDC;Q
2008-03-01;3.8743854e6;CR;NGDP_NSA_XDC;Q
2008-06-01;3.9661996e6;CR;NGDP_NSA_XDC;Q
2008-09-01;4.0438922e6;CR;NGDP_NSA_XDC;Q
2008-12-01;4.3244975e6;CR;NGDP_NSA_XDC;Q
2009-03-01;4.2520039e6;CR;NGDP_NSA_XDC;Q
2009-06-01;4.2214414e6;CR;NGDP_NSA_XDC;Q
2009-09-01;4.3681708e6;CR;NGDP_NSA_XDC;Q
2009-12-01;4.7845317e6;CR;NGDP_NSA_XDC;Q
2010-03-01;4.9024849e6;CR;NGDP_NSA_XDC;Q
2010-06-01;4.7857495e6;CR;NGDP_NSA_XDC;Q
2010-09-01;4.8532582e6;CR;NGDP_NSA_XDC;Q
2010-12-01;5.260518e6;CR;NGDP_NSA_XDC;Q
2011-03-01;5.2900577e6;CR;NGDP_NSA_XDC;Q
2011-06-01;5.2255933e6;CR;NGDP_NSA_XDC;Q
2011-09-01;5.2983047e6;CR;NGDP_NSA_XDC;Q
2011-12-01;5.8095688e6;CR;NGDP_NSA_XDC;Q
2012-03-01;5.9362902e6;CR;NGDP_NSA_XDC;Q
2012-06-01;5.7160748e6;CR;NGDP_NSA_XDC;Q
2012-09-01;5.7468257e6;CR;NGDP_NSA_XDC;Q
2012-12-01;6.3536779e6;CR;NGDP_NSA_XDC;Q
2013-03-01;6.3414804e6;CR;NGDP_NSA_XDC;Q
2013-06-01;6.1683039e6;CR;NGDP_NSA_XDC;Q
2013-09-01;6.2208063e6;CR;NGDP_NSA_XDC;Q
2013-12-01;6.732364e6;CR;NGDP_NSA_XDC;Q
2014-03-01;6.9531579e6;CR;NGDP_NSA_XDC;Q
2014-06-01;6.7726832e6;CR;NGDP_NSA_XDC;Q
2014-09-01;6.8520329e6;CR;NGDP_NSA_XDC;Q
2014-12-01;7.4234536e6;CR;NGDP_NSA_XDC;Q
2015-03-01;7.5938158e6;CR;NGDP_NSA_XDC;Q
2015-06-01;7.3802634e6;CR;NGDP_NSA_XDC;Q
2015-09-01;7.3654259e6;CR;NGDP_NSA_XDC;Q
2015-12-01;7.8324137e6;CR;NGDP_NSA_XDC;Q
2016-03-01;7.8895431e6;CR;NGDP_NSA_XDC;Q
2016-06-01;7.661257e6;CR;NGDP_NSA_XDC;Q
2016-09-01;7.7958692e6;CR;NGDP_NSA_XDC;Q
2016-12-01;8.7096188e6;CR;NGDP_NSA_XDC;Q
2017-03-01;8.6214843e6;CR;NGDP_NSA_XDC;Q
2017-06-01;8.3742244e6;CR;NGDP_NSA_XDC;Q
2017-09-01;8.3181257e6;CR;NGDP_NSA_XDC;Q
2017-12-01;9.0298131e6;CR;NGDP_NSA_XDC;Q
2018-03-01;9.3214358e6;CR;NGDP_NSA_XDC;Q
2018-06-01;8.8608458e6;CR;NGDP_NSA_XDC;Q
2018-09-01;8.6207616e6;CR;NGDP_NSA_XDC;Q
2018-12-01;9.2116755e6;CR;NGDP_NSA_XDC;Q
2019-03-01;9.5081554e6;CR;NGDP_NSA_XDC;Q
2019-06-01;9.1926942e6;CR;NGDP_NSA_XDC;Q
2019-09-01;9.2270908e6;CR;NGDP_NSA_XDC;Q
2019-12-01;9.9042094e6;CR;NGDP_NSA_XDC;Q
2020-03-01;9.8500269e6;CR;NGDP_NSA_XDC;Q
2020-06-01;8.2902586e6;CR;NGDP_NSA_XDC;Q
2020-09-01;8.619166e6;CR;NGDP_NSA_XDC;Q
2020-12-01;9.7357945e6;CR;NGDP_NSA_XDC;Q
2021-03-01;9.864486e6;CR;NGDP_NSA_XDC;Q
2021-06-01;9.453479e6;CR;NGDP_NSA_XDC;Q
2021-09-01;9.954763e6;CR;NGDP_NSA_XDC;Q
2021-12-01;1.08401968e7;CR;NGDP_NSA_XDC;Q
2022-03-01;1.08533003e7;CR;NGDP_NSA_XDC;Q
2022-06-01;1.05142198e7;CR;NGDP_NSA_XDC;Q
2022-09-01;1.10124512e7;CR;NGDP_NSA_XDC;Q
2022-12-01;1.18717184e7;CR;NGDP_NSA_XDC;Q
2023-03-01;1.17535087e7;CR;NGDP_NSA_XDC;Q
1991-03-01;2.6454263e6;CR;NGDP_R_SA_XDC;Q
1991-06-01;2.6718485e6;CR;NGDP_R_SA_XDC;Q
1991-09-01;2.6857006e6;CR;NGDP_R_SA_XDC;Q
1991-12-01;2.7988157e6;CR;NGDP_R_SA_XDC;Q
1992-03-01;2.8485277e6;CR;NGDP_R_SA_XDC;Q
1992-06-01;2.910741e6;CR;NGDP_R_SA_XDC;Q
1992-09-01;3.0350485e6;CR;NGDP_R_SA_XDC;Q
1992-12-01;3.0036865e6;CR;NGDP_R_SA_XDC;Q
1993-03-01;3.0945775e6;CR;NGDP_R_SA_XDC;Q
1993-06-01;3.1227918e6;CR;NGDP_R_SA_XDC;Q
1993-09-01;3.188387e6;CR;NGDP_R_SA_XDC;Q
1993-12-01;3.226187e6;CR;NGDP_R_SA_XDC;Q
1994-03-01;3.2211272e6;CR;NGDP_R_SA_XDC;Q
1994-06-01;3.3170927e6;CR;NGDP_R_SA_XDC;Q
1994-09-01;3.3423199e6;CR;NGDP_R_SA_XDC;Q
1994-12-01;3.3286466e6;CR;NGDP_R_SA_XDC;Q
1995-03-01;3.4472948e6;CR;NGDP_R_SA_XDC;Q
1995-06-01;3.4277442e6;CR;NGDP_R_SA_XDC;Q
1995-09-01;3.4274261e6;CR;NGDP_R_SA_XDC;Q
1995-12-01;3.442135e6;CR;NGDP_R_SA_XDC;Q
1996-03-01;3.4410479e6;CR;NGDP_R_SA_XDC;Q
1996-06-01;3.4406983e6;CR;NGDP_R_SA_XDC;Q
1996-09-01;3.497554e6;CR;NGDP_R_SA_XDC;Q
1996-12-01;3.5503284e6;CR;NGDP_R_SA_XDC;Q
1997-03-01;3.5500483e6;CR;NGDP_R_SA_XDC;Q
1997-06-01;3.6527485e6;CR;NGDP_R_SA_XDC;Q
1997-09-01;3.690327e6;CR;NGDP_R_SA_XDC;Q
1997-12-01;3.8062202e6;CR;NGDP_R_SA_XDC;Q
1998-03-01;3.8974232e6;CR;NGDP_R_SA_XDC;Q
1998-06-01;3.8976187e6;CR;NGDP_R_SA_XDC;Q
1998-09-01;3.9255515e6;CR;NGDP_R_SA_XDC;Q
1998-12-01;4.0257672e6;CR;NGDP_R_SA_XDC;Q
1999-03-01;4.009953e6;CR;NGDP_R_SA_XDC;Q
1999-06-01;4.0886695e6;CR;NGDP_R_SA_XDC;Q
1999-09-01;4.1264273e6;CR;NGDP_R_SA_XDC;Q
1999-12-01;4.193564e6;CR;NGDP_R_SA_XDC;Q
2000-03-01;4.2313156e6;CR;NGDP_R_SA_XDC;Q
2000-06-01;4.2377455e6;CR;NGDP_R_SA_XDC;Q
2000-09-01;4.2750545e6;CR;NGDP_R_SA_XDC;Q
2000-12-01;4.3104827e6;CR;NGDP_R_SA_XDC;Q
2001-03-01;4.372913e6;CR;NGDP_R_SA_XDC;Q
2001-06-01;4.381478e6;CR;NGDP_R_SA_XDC;Q
2001-09-01;4.4369838e6;CR;NGDP_R_SA_XDC;Q
2001-12-01;4.4578065e6;CR;NGDP_R_SA_XDC;Q
2002-03-01;4.4804628e6;CR;NGDP_R_SA_XDC;Q
2002-06-01;4.5617946e6;CR;NGDP_R_SA_XDC;Q
2002-09-01;4.5982208e6;CR;NGDP_R_SA_XDC;Q
2002-12-01;4.6160255e6;CR;NGDP_R_SA_XDC;Q
2003-03-01;4.6746263e6;CR;NGDP_R_SA_XDC;Q
2003-06-01;4.7319262e6;CR;NGDP_R_SA_XDC;Q
2003-09-01;4.7924593e6;CR;NGDP_R_SA_XDC;Q
2003-12-01;4.8437826e6;CR;NGDP_R_SA_XDC;Q
2004-03-01;4.8948199e6;CR;NGDP_R_SA_XDC;Q
2004-06-01;4.9611031e6;CR;NGDP_R_SA_XDC;Q
2004-09-01;4.9819147e6;CR;NGDP_R_SA_XDC;Q
2004-12-01;5.0481273e6;CR;NGDP_R_SA_XDC;Q
2005-03-01;5.0711668e6;CR;NGDP_R_SA_XDC;Q
2005-06-01;5.120086e6;CR;NGDP_R_SA_XDC;Q
2005-09-01;5.2068295e6;CR;NGDP_R_SA_XDC;Q
2005-12-01;5.2825108e6;CR;NGDP_R_SA_XDC;Q
2006-03-01;5.3488436e6;CR;NGDP_R_SA_XDC;Q
2006-06-01;5.4821444e6;CR;NGDP_R_SA_XDC;Q
2006-09-01;5.6011709e6;CR;NGDP_R_SA_XDC;Q
2006-12-01;5.7673384e6;CR;NGDP_R_SA_XDC;Q
2007-03-01;5.8319184e6;CR;NGDP_R_SA_XDC;Q
2007-06-01;5.9838724e6;CR;NGDP_R_SA_XDC;Q
2007-09-01;6.051511e6;CR;NGDP_R_SA_XDC;Q
2007-12-01;6.1641274e6;CR;NGDP_R_SA_XDC;Q
2008-03-01;6.2948716e6;CR;NGDP_R_SA_XDC;Q
2008-06-01;6.2884584e6;CR;NGDP_R_SA_XDC;Q
2008-09-01;6.3239611e6;CR;NGDP_R_SA_XDC;Q
2008-12-01;6.2577693e6;CR;NGDP_R_SA_XDC;Q
2009-03-01;6.1014319e6;CR;NGDP_R_SA_XDC;Q
2009-06-01;6.1932557e6;CR;NGDP_R_SA_XDC;Q
2009-09-01;6.2706303e6;CR;NGDP_R_SA_XDC;Q
2009-12-01;6.3707568e6;CR;NGDP_R_SA_XDC;Q
2010-03-01;6.4470505e6;CR;NGDP_R_SA_XDC;Q
2010-06-01;6.524502e6;CR;NGDP_R_SA_XDC;Q
2010-09-01;6.6304348e6;CR;NGDP_R_SA_XDC;Q
2010-12-01;6.6733119e6;CR;NGDP_R_SA_XDC;Q
2011-03-01;6.7084901e6;CR;NGDP_R_SA_XDC;Q
2011-06-01;6.8629832e6;CR;NGDP_R_SA_XDC;Q
2011-09-01;6.8858432e6;CR;NGDP_R_SA_XDC;Q
2011-12-01;6.9771682e6;CR;NGDP_R_SA_XDC;Q
2012-03-01;7.1220226e6;CR;NGDP_R_SA_XDC;Q
2012-06-01;7.1566043e6;CR;NGDP_R_SA_XDC;Q
2012-09-01;7.1992226e6;CR;NGDP_R_SA_XDC;Q
2012-12-01;7.2889478e6;CR;NGDP_R_SA_XDC;Q
2013-03-01;7.3092558e6;CR;NGDP_R_SA_XDC;Q
2013-06-01;7.288304e6;CR;NGDP_R_SA_XDC;Q
2013-09-01;7.423751e6;CR;NGDP_R_SA_XDC;Q
2013-12-01;7.4680241e6;CR;NGDP_R_SA_XDC;Q
2014-03-01;7.5620579e6;CR;NGDP_R_SA_XDC;Q
2014-06-01;7.5879513e6;CR;NGDP_R_SA_XDC;Q
2014-09-01;7.6504151e6;CR;NGDP_R_SA_XDC;Q
2014-12-01;7.7305918e6;CR;NGDP_R_SA_XDC;Q
2015-03-01;7.7456399e6;CR;NGDP_R_SA_XDC;Q
2015-06-01;7.9156945e6;CR;NGDP_R_SA_XDC;Q
2015-09-01;8.0145128e6;CR;NGDP_R_SA_XDC;Q
2015-12-01;7.9756916e6;CR;NGDP_R_SA_XDC;Q
2016-03-01;8.1719256e6;CR;NGDP_R_SA_XDC;Q
2016-06-01;8.1449227e6;CR;NGDP_R_SA_XDC;Q
2016-09-01;8.2855948e6;CR;NGDP_R_SA_XDC;Q
2016-12-01;8.3717958e6;CR;NGDP_R_SA_XDC;Q
2017-03-01;8.4122808e6;CR;NGDP_R_SA_XDC;Q
2017-06-01;8.5991851e6;CR;NGDP_R_SA_XDC;Q
2017-09-01;8.5944201e6;CR;NGDP_R_SA_XDC;Q
2017-12-01;8.7402128e6;CR;NGDP_R_SA_XDC;Q
2018-03-01;8.7760719e6;CR;NGDP_R_SA_XDC;Q
2018-06-01;8.8722919e6;CR;NGDP_R_SA_XDC;Q
2018-09-01;8.8273284e6;CR;NGDP_R_SA_XDC;Q
2018-12-01;8.768184e6;CR;NGDP_R_SA_XDC;Q
2019-03-01;8.8993231e6;CR;NGDP_R_SA_XDC;Q
2019-06-01;9.0343563e6;CR;NGDP_R_SA_XDC;Q
2019-09-01;9.0495437e6;CR;NGDP_R_SA_XDC;Q
2019-12-01;9.097909e6;CR;NGDP_R_SA_XDC;Q
2020-03-01;9.0482655e6;CR;NGDP_R_SA_XDC;Q
2020-06-01;8.3468921e6;CR;NGDP_R_SA_XDC;Q
2020-09-01;8.4350932e6;CR;NGDP_R_SA_XDC;Q
2020-12-01;8.6930137e6;CR;NGDP_R_SA_XDC;Q
2021-03-01;9.0090653e6;CR;NGDP_R_SA_XDC;Q
2021-06-01;9.2138809e6;CR;NGDP_R_SA_XDC;Q
2021-09-01;9.4904949e6;CR;NGDP_R_SA_XDC;Q
2021-12-01;9.5207707e6;CR;NGDP_R_SA_XDC;Q
2022-03-01;9.5686208e6;CR;NGDP_R_SA_XDC;Q
2022-06-01;9.6445821e6;CR;NGDP_R_SA_XDC;Q
2022-09-01;9.7336174e6;CR;NGDP_R_SA_XDC;Q
2022-12-01;9.8958213e6;CR;NGDP_R_SA_XDC;Q
2023-03-01;1.00008811e7;CR;NGDP_R_SA_XDC;Q
1991-03-01;2.7302975e6;CR;NGDP_R_NSA_XDC;Q
1991-06-01;2.5857325e6;CR;NGDP_R_NSA_XDC;Q
1991-09-01;2.6149168e6;CR;NGDP_R_NSA_XDC;Q
1991-12-01;2.8737895e6;CR;NGDP_R_NSA_XDC;Q
1992-03-01;2.9665249e6;CR;NGDP_R_NSA_XDC;Q
1992-06-01;2.7888243e6;CR;NGDP_R_NSA_XDC;Q
1992-09-01;2.963548e6;CR;NGDP_R_NSA_XDC;Q
1992-12-01;3.0799942e6;CR;NGDP_R_NSA_XDC;Q
1993-03-01;3.2172803e6;CR;NGDP_R_NSA_XDC;Q
1993-06-01;2.9957724e6;CR;NGDP_R_NSA_XDC;Q
1993-09-01;3.1121309e6;CR;NGDP_R_NSA_XDC;Q
1993-12-01;3.3110977e6;CR;NGDP_R_NSA_XDC;Q
1994-03-01;3.3267971e6;CR;NGDP_R_NSA_XDC;Q
1994-06-01;3.2047639e6;CR;NGDP_R_NSA_XDC;Q
1994-09-01;3.2545672e6;CR;NGDP_R_NSA_XDC;Q
1994-12-01;3.4211902e6;CR;NGDP_R_NSA_XDC;Q
1995-03-01;3.5793424e6;CR;NGDP_R_NSA_XDC;Q
1995-06-01;3.2961786e6;CR;NGDP_R_NSA_XDC;Q
1995-09-01;3.3277317e6;CR;NGDP_R_NSA_XDC;Q
1995-12-01;3.5526915e6;CR;NGDP_R_NSA_XDC;Q
1996-03-01;3.5654499e6;CR;NGDP_R_NSA_XDC;Q
1996-06-01;3.3093755e6;CR;NGDP_R_NSA_XDC;Q
1996-09-01;3.386476e6;CR;NGDP_R_NSA_XDC;Q
1996-12-01;3.6804113e6;CR;NGDP_R_NSA_XDC;Q
1997-03-01;3.6328093e6;CR;NGDP_R_NSA_XDC;Q
1997-06-01;3.5546214e6;CR;NGDP_R_NSA_XDC;Q
1997-09-01;3.5622326e6;CR;NGDP_R_NSA_XDC;Q
1997-12-01;3.9555207e6;CR;NGDP_R_NSA_XDC;Q
1998-03-01;4.0272041e6;CR;NGDP_R_NSA_XDC;Q
1998-06-01;3.7582695e6;CR;NGDP_R_NSA_XDC;Q
1998-09-01;3.7849258e6;CR;NGDP_R_NSA_XDC;Q
1998-12-01;4.1869859e6;CR;NGDP_R_NSA_XDC;Q
1999-03-01;4.1196461e6;CR;NGDP_R_NSA_XDC;Q
1999-06-01;3.9633442e6;CR;NGDP_R_NSA_XDC;Q
1999-09-01;3.9825667e6;CR;NGDP_R_NSA_XDC;Q
1999-12-01;4.3559722e6;CR;NGDP_R_NSA_XDC;Q
2000-03-01;4.355808e6;CR;NGDP_R_NSA_XDC;Q
2000-06-01;4.1014285e6;CR;NGDP_R_NSA_XDC;Q
2000-09-01;4.1333786e6;CR;NGDP_R_NSA_XDC;Q
2000-12-01;4.4662168e6;CR;NGDP_R_NSA_XDC;Q
2001-03-01;4.4920661e6;CR;NGDP_R_NSA_XDC;Q
2001-06-01;4.2520534e6;CR;NGDP_R_NSA_XDC;Q
2001-09-01;4.2996527e6;CR;NGDP_R_NSA_XDC;Q
2001-12-01;4.6085427e6;CR;NGDP_R_NSA_XDC;Q
2002-03-01;4.5408753e6;CR;NGDP_R_NSA_XDC;Q
2002-06-01;4.4871614e6;CR;NGDP_R_NSA_XDC;Q
2002-09-01;4.463358e6;CR;NGDP_R_NSA_XDC;Q
2002-12-01;4.7640779e6;CR;NGDP_R_NSA_XDC;Q
2003-03-01;4.7770497e6;CR;NGDP_R_NSA_XDC;Q
2003-06-01;4.6162634e6;CR;NGDP_R_NSA_XDC;Q
2003-09-01;4.6557883e6;CR;NGDP_R_NSA_XDC;Q
2003-12-01;4.9944928e6;CR;NGDP_R_NSA_XDC;Q
2004-03-01;4.9938905e6;CR;NGDP_R_NSA_XDC;Q
2004-06-01;4.8487631e6;CR;NGDP_R_NSA_XDC;Q
2004-09-01;4.8427963e6;CR;NGDP_R_NSA_XDC;Q
2004-12-01;5.2007471e6;CR;NGDP_R_NSA_XDC;Q
2005-03-01;5.1133006e6;CR;NGDP_R_NSA_XDC;Q
2005-06-01;5.0636787e6;CR;NGDP_R_NSA_XDC;Q
2005-09-01;5.0660352e6;CR;NGDP_R_NSA_XDC;Q
2005-12-01;5.4339903e6;CR;NGDP_R_NSA_XDC;Q
2006-03-01;5.4460962e6;CR;NGDP_R_NSA_XDC;Q
2006-06-01;5.3744752e6;CR;NGDP_R_NSA_XDC;Q
2006-09-01;5.4526182e6;CR;NGDP_R_NSA_XDC;Q
2006-12-01;5.9187564e6;CR;NGDP_R_NSA_XDC;Q
2007-03-01;5.9410024e6;CR;NGDP_R_NSA_XDC;Q
2007-06-01;5.8764247e6;CR;NGDP_R_NSA_XDC;Q
2007-09-01;5.8956188e6;CR;NGDP_R_NSA_XDC;Q
2007-12-01;6.3019976e6;CR;NGDP_R_NSA_XDC;Q
2008-03-01;6.353425e6;CR;NGDP_R_NSA_XDC;Q
2008-06-01;6.2490966e6;CR;NGDP_R_NSA_XDC;Q
2008-09-01;6.172702e6;CR;NGDP_R_NSA_XDC;Q
2008-12-01;6.3776949e6;CR;NGDP_R_NSA_XDC;Q
2009-03-01;6.2192107e6;CR;NGDP_R_NSA_XDC;Q
2009-06-01;6.0950893e6;CR;NGDP_R_NSA_XDC;Q
2009-09-01;6.1292678e6;CR;NGDP_R_NSA_XDC;Q
2009-12-01;6.4896509e6;CR;NGDP_R_NSA_XDC;Q
2010-03-01;6.5434714e6;CR;NGDP_R_NSA_XDC;Q
2010-06-01;6.4443138e6;CR;NGDP_R_NSA_XDC;Q
2010-09-01;6.4859037e6;CR;NGDP_R_NSA_XDC;Q
2010-12-01;6.796036e6;CR;NGDP_R_NSA_XDC;Q
2011-03-01;6.8304316e6;CR;NGDP_R_NSA_XDC;Q
2011-06-01;6.7548687e6;CR;NGDP_R_NSA_XDC;Q
2011-09-01;6.7364627e6;CR;NGDP_R_NSA_XDC;Q
2011-12-01;7.1046597e6;CR;NGDP_R_NSA_XDC;Q
2012-03-01;7.2564173e6;CR;NGDP_R_NSA_XDC;Q
2012-06-01;7.0354564e6;CR;NGDP_R_NSA_XDC;Q
2012-09-01;7.0487326e6;CR;NGDP_R_NSA_XDC;Q
2012-12-01;7.4249369e6;CR;NGDP_R_NSA_XDC;Q
2013-03-01;7.367777e6;CR;NGDP_R_NSA_XDC;Q
2013-06-01;7.232407e6;CR;NGDP_R_NSA_XDC;Q
2013-09-01;7.2780821e6;CR;NGDP_R_NSA_XDC;Q
2013-12-01;7.60491e6;CR;NGDP_R_NSA_XDC;Q
2014-03-01;7.695244e6;CR;NGDP_R_NSA_XDC;Q
2014-06-01;7.4578732e6;CR;NGDP_R_NSA_XDC;Q
2014-09-01;7.5071642e6;CR;NGDP_R_NSA_XDC;Q
2014-12-01;7.8672213e6;CR;NGDP_R_NSA_XDC;Q
2015-03-01;7.8558427e6;CR;NGDP_R_NSA_XDC;Q
2015-06-01;7.803049e6;CR;NGDP_R_NSA_XDC;Q
2015-09-01;7.8693837e6;CR;NGDP_R_NSA_XDC;Q
2015-12-01;8.1141163e6;CR;NGDP_R_NSA_XDC;Q
2016-03-01;8.2114408e6;CR;NGDP_R_NSA_XDC;Q
2016-06-01;8.1041827e6;CR;NGDP_R_NSA_XDC;Q
2016-09-01;8.128496e6;CR;NGDP_R_NSA_XDC;Q
2016-12-01;8.5286207e6;CR;NGDP_R_NSA_XDC;Q
2017-03-01;8.5292046e6;CR;NGDP_R_NSA_XDC;Q
2017-06-01;8.4783339e6;CR;NGDP_R_NSA_XDC;Q
2017-09-01;8.4204142e6;CR;NGDP_R_NSA_XDC;Q
2017-12-01;8.9156948e6;CR;NGDP_R_NSA_XDC;Q
2018-03-01;8.8142166e6;CR;NGDP_R_NSA_XDC;Q
2018-06-01;8.8242205e6;CR;NGDP_R_NSA_XDC;Q
2018-09-01;8.6477451e6;CR;NGDP_R_NSA_XDC;Q
2018-12-01;8.9558623e6;CR;NGDP_R_NSA_XDC;Q
2019-03-01;9.01156e6;CR;NGDP_R_NSA_XDC;Q
2019-06-01;8.8870179e6;CR;NGDP_R_NSA_XDC;Q
2019-09-01;8.868321e6;CR;NGDP_R_NSA_XDC;Q
2019-12-01;9.3271262e6;CR;NGDP_R_NSA_XDC;Q
2020-03-01;9.1595186e6;CR;NGDP_R_NSA_XDC;Q
2020-06-01;8.1759044e6;CR;NGDP_R_NSA_XDC;Q
2020-09-01;8.2682078e6;CR;NGDP_R_NSA_XDC;Q
2020-12-01;8.9479687e6;CR;NGDP_R_NSA_XDC;Q
2021-03-01;9.085394e6;CR;NGDP_R_NSA_XDC;Q
2021-06-01;9.0250546e6;CR;NGDP_R_NSA_XDC;Q
2021-09-01;9.3116282e6;CR;NGDP_R_NSA_XDC;Q
2021-12-01;9.8179128e6;CR;NGDP_R_NSA_XDC;Q
2022-03-01;9.6827993e6;CR;NGDP_R_NSA_XDC;Q
2022-06-01;9.4029618e6;CR;NGDP_R_NSA_XDC;Q
2022-09-01;9.545498e6;CR;NGDP_R_NSA_XDC;Q
2022-12-01;1.02119178e7;CR;NGDP_R_NSA_XDC;Q
2023-03-01;1.0123323e7;CR;NGDP_R_NSA_XDC;Q
